{
  "logistic": {
    "train": {
      "auroc": {
        "mean": 1.0,
        "ci_lower": 0.9999999999999999,
        "ci_upper": 1.0,
        "std": 2.4069061620089815e-17
      },
      "auprc": {
        "mean": 1.0,
        "ci_lower": 0.9999999999999998,
        "ci_upper": 1.0000000000000002,
        "std": 9.374648538600172e-17
      },
      "brier": {
        "mean": 0.00014465792096469827,
        "ci_lower": 7.826121941191885e-05,
        "ci_upper": 0.0002395531273000792,
        "std": 4.178697600177301e-05
      },
      "sens_at_spec90": 0.0,
      "sens_at_spec95": 0.0,
      "calibration": {
        "brier_score": 0.00014570974269214617,
        "ece": 0.009275394300914994
      }
    },
    "val": {
      "auroc": {
        "mean": 1.0,
        "ci_lower": 1.0,
        "ci_upper": 1.0,
        "std": 1.4902658112304052e-17
      },
      "auprc": {
        "mean": 1.0,
        "ci_lower": 0.9999999999999999,
        "ci_upper": 1.0,
        "std": 3.238448153654845e-17
      },
      "brier": {
        "mean": 0.00010752010913470273,
        "ci_lower": 5.6501368847742124e-05,
        "ci_upper": 0.00016540556956534213,
        "std": 2.8326377741638183e-05
      },
      "sens_at_spec90": 0.0,
      "sens_at_spec95": 0.0,
      "calibration": {
        "brier_score": 0.00010801702313275535,
        "ece": 0.008944276399787095
      }
    },
    "test": {
      "auroc": {
        "mean": 1.0,
        "ci_lower": 0.9999999999999999,
        "ci_upper": 1.0,
        "std": 2.3811631099687443e-17
      },
      "auprc": {
        "mean": 1.0,
        "ci_lower": 0.9999999999999998,
        "ci_upper": 1.0,
        "std": 5.989033251224098e-17
      },
      "brier": {
        "mean": 0.00016979822132053037,
        "ci_lower": 7.390527746923325e-05,
        "ci_upper": 0.0002952531343973793,
        "std": 5.6567578418584834e-05
      },
      "sens_at_spec90": 0.0,
      "sens_at_spec95": 0.0,
      "calibration": {
        "brier_score": 0.00016966293097484003,
        "ece": 0.010431577006355296
      }
    }
  }
}